table_size,num_inserted,avg_insert_time_s
100,151,6.128476457732008e-06
350,542,5.510885472928356e-06
600,942,3.366029896474821e-06
850,1305,3.30635990547837e-06
1100,1696,3.277417183095888e-06
1350,2036,3.4044205962656496e-06
1600,2447,3.2662853794983078e-06
1850,2843,3.291171400686919e-06
2100,3248,3.268072688281123e-06
2350,3615,4.044896150123776e-06
2600,3957,3.362850478827004e-06
2850,4255,3.2116098659929462e-06
3100,4705,3.2795110532338953e-06
3350,5147,3.2716920993439036e-06
3600,5536,3.2550216056244997e-06
3850,5915,3.2495013505081855e-06
4100,6238,3.2699102401923304e-06
4350,6620,3.37919936405658e-06
4600,7103,3.330282851614139e-06
4850,7427,3.3647503852553316e-06
5100,7908,3.300442599237331e-06
5350,8139,3.811893500076427e-06
5600,8581,3.3090666680790066e-06
5850,8979,3.281211522402125e-06
6100,9394,3.302458987543738e-06
6350,9717,3.338612835450594e-06
6600,10121,3.327279903166524e-06
6850,10476,3.320895252395855e-06
7100,10878,3.2091560610625664e-06
7350,11295,3.2756528303838504e-06
7600,11699,3.361680409740088e-06
7850,12062,3.276753360439537e-06
8100,12537,3.2346334288402936e-06
8350,12811,3.2225822589767498e-06
8600,13231,3.2393545318907616e-06
8850,13572,3.300132631013242e-06
9100,14001,3.345189566527973e-06
9350,14269,3.748580917707672e-06
9600,14669,3.211105027333754e-06
9850,15193,3.258605953949604e-06
